bit,direction,label,A_l1,A_l2,B_l1,B_l2,A_ms,B_ms
C1:r3:c2,ON,tempoup1,ConcertGrand,MetronomeOff,ConcertGrand,MetronomeOff,59346,91203
C1:r5:c2,ON,tempoup1,ConcertGrand,MetronomeOff,ConcertGrand,MetronomeOff,59346,91203
C1:r7:c2,ON,tempoup1,ConcertGrand,MetronomeOff,ConcertGrand,MetronomeOff,59346,91203
C1:r5:c2,OFF,tempoup2,ConcertGrand,MetronomeOff,ConcertGrand,MetronomeOff,91203,135366
C1:r2:c1,ON,tempoup3,ConcertGrand,MetronomeOff,ConcertGrand,MetronomeOff,135366,151376
C1:r5:c2,ON,tempoup3,ConcertGrand,MetronomeOff,ConcertGrand,MetronomeOff,135366,151376
C1:r0:c1,OFF,tempoup3,ConcertGrand,MetronomeOff,ConcertGrand,MetronomeOff,135366,151376
C1:r3:c2,OFF,tempoup3,ConcertGrand,MetronomeOff,ConcertGrand,MetronomeOff,135366,151376
C1:r7:c1,OFF,tempoup3,ConcertGrand,MetronomeOff,ConcertGrand,MetronomeOff,135366,151376
C1:r0:c2,OFF,tempoup4,ConcertGrand,MetronomeOff,ConcertGrand,MetronomeOff,151376,168174
C1:r2:c2,OFF,tempoup4,ConcertGrand,MetronomeOff,ConcertGrand,MetronomeOff,151376,168174
C1:r5:c2,OFF,tempoup4,ConcertGrand,MetronomeOff,ConcertGrand,MetronomeOff,151376,168174
C1:r7:c2,OFF,tempoup4,ConcertGrand,MetronomeOff,ConcertGrand,MetronomeOff,151376,168174
C1:r0:c2,ON,tempoup5,ConcertGrand,MetronomeOff,ConcertGrand,MetronomeOff,168174,183605
C1:r3:c2,ON,tempoup5,ConcertGrand,MetronomeOff,ConcertGrand,MetronomeOff,168174,183605
C1:r5:c2,ON,tempoup5,ConcertGrand,MetronomeOff,ConcertGrand,MetronomeOff,168174,183605
C1:r7:c2,ON,tempoup5,ConcertGrand,MetronomeOff,ConcertGrand,MetronomeOff,168174,183605
C1:r4:c2,OFF,tempoup5,ConcertGrand,MetronomeOff,ConcertGrand,MetronomeOff,168174,183605
C1:r4:c2,ON,tempoup6,ConcertGrand,MetronomeOff,ConcertGrand,MetronomeOff,183605,205904
C1:r5:c2,OFF,tempoup6,ConcertGrand,MetronomeOff,ConcertGrand,MetronomeOff,183605,205904
